{
  "project_info": {
    "project_number": "883483959259",
    "firebase_url": "https://presensi-app-325ec-default-rtdb.firebaseio.com",
    "project_id": "presensi-app-325ec",
    "storage_bucket": "presensi-app-325ec.appspot.com"
  },
  "client": [
    {
      "client_info": {
        "mobilesdk_app_id": "1:883483959259:android:19b76798f7d3ddfd8e51fe",
        "android_client_info": {
          "package_name": "com.example.presensi_app"
        }
      },
      "oauth_client": [
        {
          "client_id": "883483959259-46916oglilghu0pigaiq2rq6nfhumlvp.apps.googleusercontent.com",
          "client_type": 3
        }
      ],
      "api_key": [
        {
          "current_key": "AIzaSyD9YdyB7KcCG-eBfHyaqPtvKulqx5gD81A"
        }
      ],
      "services": {
        "appinvite_service": {
          "other_platform_oauth_client": [
            {
              "client_id": "883483959259-46916oglilghu0pigaiq2rq6nfhumlvp.apps.googleusercontent.com",
              "client_type": 3
            }
          ]
        }
      }
    },
    {
      "client_info": {
        "mobilesdk_app_id": "1:883483959259:android:24b4041af176e3448e51fe",
        "android_client_info": {
          "package_name": "com.example.presensi_app_bloc"
        }
      },
      "oauth_client": [
        {
          "client_id": "883483959259-46916oglilghu0pigaiq2rq6nfhumlvp.apps.googleusercontent.com",
          "client_type": 3
        }
      ],
      "api_key": [
        {
          "current_key": "AIzaSyD9YdyB7KcCG-eBfHyaqPtvKulqx5gD81A"
        }
      ],
      "services": {
        "appinvite_service": {
          "other_platform_oauth_client": [
            {
              "client_id": "883483959259-46916oglilghu0pigaiq2rq6nfhumlvp.apps.googleusercontent.com",
              "client_type": 3
            }
          ]
        }
      }
    }
  ],
  "configuration_version": "1"
}